sample,d__Bacteria;p__Proteobacteria;c__Gammaproteobacteria;o__Xanthomonadales;f__Xanthomonadaceae;g__Arenimonas;__,d__Bacteria;p__Proteobacteria;c__Gammaproteobacteria;o__Burkholderiales;__;__;__,d__Bacteria;p__Actinobacteriota;c__Thermoleophilia;o__Gaiellales;f__uncultured;g__uncultured;s__uncultured_microorganism,d__Bacteria;p__Proteobacteria;c__Alphaproteobacteria;o__Rhizobiales;__;__;__,d__Bacteria;p__Actinobacteriota;c__Actinobacteria;__;__;__;__,d__Bacteria;p__Chloroflexi;c__TK10;o__TK10;f__TK10;g__TK10;__,d__Bacteria;p__Proteobacteria;c__Alphaproteobacteria;o__Rhizobiales;f__Beijerinckiaceae;g__Methylocystis;__,d__Bacteria;p__Desulfobacterota;c__Desulfuromonadia;o__Geobacterales;f__Geobacteraceae;g__Citrifermentans;__,d__Bacteria;p__Chloroflexi;c__Anaerolineae;o__SJA-15;f__SJA-15;g__SJA-15;__,d__Bacteria;p__Patescibacteria;c__Parcubacteria;o__Candidatus_Jorgensenbacteria;f__Candidatus_Jorgensenbacteria;g__Candidatus_Jorgensenbacteria;s__Candidatus_Adlerbacteria,d__Bacteria;p__Bacteroidota;c__Bacteroidia;o__Chitinophagales;f__Chitinophagaceae;g__Terrimonas;__,d__Bacteria;p__Firmicutes;c__Bacilli;o__Alicyclobacillales;f__Alicyclobacillaceae;g__Tumebacillus;__,d__Bacteria;p__Planctomycetota;c__Planctomycetes;o__Gemmatales;f__Gemmataceae;g__uncultured;__,d__Bacteria;p__Patescibacteria;c__Saccharimonadia;o__Saccharimonadales;f__Saccharimonadales;g__Saccharimonadales;__,d__Bacteria;p__Acidobacteriota;c__Acidobacteriae;o__Acidobacteriales;f__uncultured;g__uncultured;s__uncultured_forest,d__Bacteria;p__Acidobacteriota;c__Vicinamibacteria;o__Vicinamibacterales;f__uncultured;g__uncultured;s__uncultured_Acidobacteriales,d__Bacteria;p__Proteobacteria;c__Alphaproteobacteria;o__Rhizobiales;f__Methyloligellaceae;g__uncultured;s__metagenome,d__Bacteria;p__Proteobacteria;c__Alphaproteobacteria;o__Caulobacterales;f__Caulobacteraceae;g__Asticcacaulis;__,d__Bacteria;p__Actinobacteriota;c__Actinobacteria;o__Micrococcales;f__Micrococcaceae;g__Pseudarthrobacter;__,d__Bacteria;p__Acidobacteriota;c__Vicinamibacteria;o__Vicinamibacterales;f__Vicinamibacteraceae;__;__,d__Bacteria;p__Actinobacteriota;c__Actinobacteria;o__Pseudonocardiales;f__Pseudonocardiaceae;g__Pseudonocardia;__,d__Bacteria;p__Chloroflexi;c__Gitt-GS-136;o__Gitt-GS-136;f__Gitt-GS-136;g__Gitt-GS-136;__,d__Bacteria;p__Proteobacteria;c__Gammaproteobacteria;__;__;__;__,d__Bacteria;p__Actinobacteriota;c__Acidimicrobiia;o__uncultured;f__uncultured;g__uncultured;s__uncultured_Actinomycetales,d__Bacteria;p__Chloroflexi;c__Chloroflexia;o__Chloroflexales;f__Roseiflexaceae;g__uncultured;s__uncultured_bacterium,d__Bacteria;p__Acidobacteriota;c__Vicinamibacteria;o__Subgroup_17;f__Subgroup_17;g__Subgroup_17;__,d__Bacteria;p__Firmicutes;c__Bacilli;o__Bacillales;f__Bacillaceae;__;__,d__Bacteria;p__Actinobacteriota;c__Thermoleophilia;o__Gaiellales;f__Gaiellaceae;g__Gaiella;s__actinobacterium_WWH12,d__Bacteria;p__Firmicutes;c__Clostridia;o__Clostridiales;f__Clostridiaceae;g__Clostridium_sensu_stricto_13;__,d__Bacteria;p__Methylomirabilota;c__Methylomirabilia;o__Rokubacteriales;f__Rokubacteriales;g__Rokubacteriales;s__uncultured_bacterium,d__Bacteria;p__Actinobacteriota;c__Thermoleophilia;o__Gaiellales;__;__;__,d__Bacteria;p__Proteobacteria;c__Gammaproteobacteria;o__Xanthomonadales;f__Xanthomonadaceae;g__Luteimonas;__,d__Bacteria;p__Acidobacteriota;c__Blastocatellia;o__Blastocatellales;f__Blastocatellaceae;g__uncultured;__,d__Bacteria;p__Bacteroidota;c__Bacteroidia;o__Sphingobacteriales;f__Sphingobacteriaceae;__;__,d__Bacteria;p__Gemmatimonadota;c__Gemmatimonadetes;o__Gemmatimonadales;f__Gemmatimonadaceae;g__uncultured;s__uncultured_proteobacterium,d__Bacteria;p__Proteobacteria;c__Alphaproteobacteria;o__Defluviicoccales;f__Defluviicoccaceae;g__Defluviicoccus;s__uncultured_Defluviicoccus,d__Bacteria;p__Proteobacteria;c__Alphaproteobacteria;o__Rhizobiales;f__Methyloligellaceae;g__uncultured;__,d__Bacteria;p__Actinobacteriota;c__Actinobacteria;o__Frankiales;f__Acidothermaceae;g__Acidothermus;__,d__Bacteria;p__Proteobacteria;c__Gammaproteobacteria;o__Burkholderiales;f__Rhodocyclaceae;__;__,d__Bacteria;p__Actinobacteriota;c__MB-A2-108;o__MB-A2-108;f__MB-A2-108;g__MB-A2-108;__,d__Bacteria;p__Chloroflexi;c__Chloroflexia;o__Thermomicrobiales;f__JG30-KF-CM45;g__JG30-KF-CM45;__,d__Bacteria;p__Proteobacteria;c__Gammaproteobacteria;o__Steroidobacterales;f__Steroidobacteraceae;g__Steroidobacter;__,d__Bacteria;p__Actinobacteriota;c__Actinobacteria;o__Frankiales;__;__;__,d__Bacteria;p__Actinobacteriota;c__Actinobacteria;o__Micromonosporales;f__Micromonosporaceae;g__Micromonospora;__,d__Bacteria;p__Proteobacteria;c__Alphaproteobacteria;o__Azospirillales;f__Azospirillaceae;g__Skermanella;__,d__Bacteria;p__Proteobacteria;c__Alphaproteobacteria;o__Acetobacterales;f__Acetobacteraceae;g__Acidocella;__,d__Bacteria;p__Acidobacteriota;c__Acidobacteriae;o__Acidobacteriales;f__Koribacteraceae;g__Candidatus_Koribacter;__,d__Bacteria;p__Actinobacteriota;c__Actinobacteria;o__Micrococcales;f__Microbacteriaceae;__;__,d__Bacteria;p__Proteobacteria;c__Gammaproteobacteria;o__Burkholderiales;f__TRA3-20;g__TRA3-20;__,d__Bacteria;p__Verrucomicrobiota;c__Verrucomicrobiae;o__Opitutales;f__Opitutaceae;g__Opitutus;__,d__Bacteria;p__Chloroflexi;c__Anaerolineae;o__Anaerolineales;f__Anaerolineaceae;g__UTCFX1;__,d__Bacteria;p__Acidobacteriota;c__Thermoanaerobaculia;o__Thermoanaerobaculales;f__Thermoanaerobaculaceae;g__Subgroup_10;__,d__Bacteria;p__Proteobacteria;c__Alphaproteobacteria;o__Sphingomonadales;f__Sphingomonadaceae;g__Sphingobium;__,d__Bacteria;p__Proteobacteria;c__Alphaproteobacteria;o__Rhizobiales;f__Rhizobiaceae;g__Mesorhizobium;__,d__Bacteria;p__Proteobacteria;c__Alphaproteobacteria;o__Rhizobiales;f__Beijerinckiaceae;__;__,d__Bacteria;p__Acidobacteriota;c__Vicinamibacteria;o__Vicinamibacterales;f__uncultured;g__uncultured;s__uncultured_bacterium,d__Bacteria;p__Proteobacteria;c__Gammaproteobacteria;o__Pseudomonadales;f__Moraxellaceae;g__Acinetobacter;__,d__Bacteria;p__Proteobacteria;c__Alphaproteobacteria;o__Acetobacterales;f__Acetobacteraceae;__;__,d__Bacteria;p__Nitrospirota;c__Nitrospiria;o__Nitrospirales;f__Nitrospiraceae;g__Nitrospira;__,d__Bacteria;p__Myxococcota;c__Myxococcia;o__Myxococcales;f__Myxococcaceae;__;__,d__Bacteria;p__Actinobacteriota;c__Thermoleophilia;o__Solirubrobacterales;f__Solirubrobacteraceae;g__Conexibacter;__,d__Bacteria;p__Actinobacteriota;c__Actinobacteria;o__Frankiales;f__Geodermatophilaceae;g__Blastococcus;__,d__Bacteria;p__Bacteroidota;c__Bacteroidia;o__Chitinophagales;f__Chitinophagaceae;g__Edaphobaculum;__,d__Bacteria;p__Verrucomicrobiota;c__Verrucomicrobiae;o__Pedosphaerales;f__Pedosphaeraceae;g__uncultured;__,d__Bacteria;p__Bacteroidota;c__Bacteroidia;o__Chitinophagales;f__Chitinophagaceae;g__Puia;__,d__Bacteria;p__Bacteroidota;c__Bacteroidia;o__Flavobacteriales;f__Flavobacteriaceae;g__Flavobacterium;__,d__Bacteria;p__Proteobacteria;c__Alphaproteobacteria;o__Reyranellales;f__Reyranellaceae;g__Reyranella;__,d__Bacteria;p__Acidobacteriota;c__Acidobacteriae;o__Acidobacteriales;f__Acidobacteriaceae_(Subgroup_1);g__Edaphobacter;__,d__Bacteria;p__Bacteroidota;c__Bacteroidia;o__Chitinophagales;f__Chitinophagaceae;g__Flavisolibacter;__,d__Bacteria;p__Proteobacteria;c__Alphaproteobacteria;o__Dongiales;f__Dongiaceae;g__Dongia;__,d__Bacteria;p__Proteobacteria;c__Gammaproteobacteria;o__Gammaproteobacteria_Incertae_Sedis;f__Unknown_Family;g__Acidibacter;__,d__Bacteria;p__Acidobacteriota;c__Vicinamibacteria;o__Vicinamibacterales;__;__;__,d__Bacteria;p__Actinobacteriota;c__Rubrobacteria;o__Rubrobacterales;f__Rubrobacteriaceae;g__Rubrobacter;s__metagenome,d__Bacteria;p__Actinobacteriota;c__Acidimicrobiia;o__IMCC26256;f__IMCC26256;g__IMCC26256;__,d__Bacteria;p__Myxococcota;c__bacteriap25;o__bacteriap25;f__bacteriap25;g__bacteriap25;__,d__Bacteria;p__Proteobacteria;c__Alphaproteobacteria;o__Rhizobiales;f__Rhizobiaceae;__;__,d__Bacteria;p__Proteobacteria;c__Gammaproteobacteria;o__HOC36;f__HOC36;g__HOC36;s__uncultured_bacterium,d__Bacteria;p__Proteobacteria;c__Alphaproteobacteria;o__Elsterales;f__uncultured;g__uncultured;__,d__Bacteria;p__Proteobacteria;c__Gammaproteobacteria;o__Pseudomonadales;f__Pseudomonadaceae;g__Pseudomonas;__,d__Bacteria;p__Verrucomicrobiota;c__Verrucomicrobiae;o__Chthoniobacterales;f__Chthoniobacteraceae;g__Candidatus_Udaeobacter;__,d__Bacteria;p__WPS-2;c__WPS-2;o__WPS-2;f__WPS-2;g__WPS-2;s__uncultured_bacterium,d__Bacteria;p__Proteobacteria;c__Alphaproteobacteria;o__Rhizobiales;f__Rhizobiaceae;g__Allorhizobium-Neorhizobium-Pararhizobium-Rhizobium;__,d__Bacteria;p__Proteobacteria;c__Alphaproteobacteria;__;__;__;__,d__Bacteria;p__Gemmatimonadota;c__Gemmatimonadetes;o__Gemmatimonadales;f__Gemmatimonadaceae;__;__,d__Bacteria;p__Patescibacteria;c__Saccharimonadia;o__Saccharimonadales;f__LWQ8;g__LWQ8;s__uncultured_bacterium,d__Bacteria;p__Firmicutes;c__Clostridia;o__Clostridiales;f__Clostridiaceae;__;__,d__Bacteria;p__Proteobacteria;c__Gammaproteobacteria;o__Xanthomonadales;f__Xanthomonadaceae;__;__,d__Bacteria;p__Proteobacteria;c__Alphaproteobacteria;o__Rhizobiales;f__Beijerinckiaceae;g__Microvirga;__,d__Bacteria;p__Bacteroidota;c__Bacteroidia;o__Bacteroidales;f__Bacteroidetes_vadinHA17;g__Bacteroidetes_vadinHA17;__,d__Bacteria;p__Actinobacteriota;c__Actinobacteria;o__Micrococcales;f__Intrasporangiaceae;__;__,d__Bacteria;p__Proteobacteria;c__Alphaproteobacteria;o__Caulobacterales;f__Caulobacteraceae;g__uncultured;__,d__Bacteria;p__Actinobacteriota;c__Actinobacteria;o__Corynebacteriales;f__Mycobacteriaceae;g__Mycobacterium;__,d__Bacteria;p__Proteobacteria;c__Gammaproteobacteria;o__Burkholderiales;f__Oxalobacteraceae;__;__,d__Bacteria;p__Firmicutes;c__Clostridia;o__Clostridiales;f__Clostridiaceae;g__Clostridium_sensu_stricto_10;__,d__Bacteria;p__Actinobacteriota;c__Thermoleophilia;o__Solirubrobacterales;f__Solirubrobacteraceae;g__Solirubrobacter;__,d__Bacteria;p__Actinobacteriota;c__Actinobacteria;o__Propionibacteriales;f__Nocardioidaceae;__;__,d__Bacteria;p__Proteobacteria;c__Alphaproteobacteria;o__Rhizobiales;f__Xanthobacteraceae;g__Pseudolabrys;__,d__Bacteria;p__Verrucomicrobiota;c__Verrucomicrobiae;o__Pedosphaerales;f__Pedosphaeraceae;g__uncultured;s__bacterium_enrichment,d__Bacteria;p__Verrucomicrobiota;c__Verrucomicrobiae;o__Methylacidiphilales;f__Methylacidiphilaceae;g__uncultured;s__uncultured_bacterium,d__Bacteria;p__Acidobacteriota;c__Blastocatellia;o__Blastocatellales;f__Blastocatellaceae;__;__,d__Bacteria;p__Proteobacteria;c__Gammaproteobacteria;o__Burkholderiales;f__Nitrosomonadaceae;g__Ellin6067;__,d__Bacteria;p__Bacteroidota;c__Bacteroidia;o__Chitinophagales;f__Chitinophagaceae;g__uncultured;__,d__Bacteria;p__Planctomycetota;c__Phycisphaerae;o__Tepidisphaerales;f__CPla-3_termite_group;g__CPla-3_termite_group;s__metagenome,d__Bacteria;p__Proteobacteria;c__Gammaproteobacteria;o__Burkholderiales;f__SC-I-84;g__SC-I-84;__,d__Bacteria;p__Proteobacteria;c__Alphaproteobacteria;o__Acetobacterales;f__Acetobacteraceae;g__uncultured;__,d__Bacteria;p__Bacteroidota;c__Bacteroidia;o__Cytophagales;f__Microscillaceae;g__uncultured;__,d__Bacteria;p__Proteobacteria;c__Alphaproteobacteria;o__Rhizobiales;f__Xanthobacteraceae;g__Bradyrhizobium;__,d__Bacteria;p__Bacteroidota;c__Bacteroidia;o__Chitinophagales;f__Chitinophagaceae;__;__,d__Bacteria;p__Proteobacteria;c__Alphaproteobacteria;o__Sphingomonadales;f__Sphingomonadaceae;g__Novosphingobium;__,d__Bacteria;p__Myxococcota;c__Polyangia;o__Haliangiales;f__Haliangiaceae;g__Haliangium;__,d__Bacteria;p__Proteobacteria;c__Gammaproteobacteria;o__Enterobacterales;f__Enterobacteriaceae;g__Escherichia-Shigella;__,d__Bacteria;p__Gemmatimonadota;c__Gemmatimonadetes;o__Gemmatimonadales;f__Gemmatimonadaceae;g__Gemmatimonas;__,d__Bacteria;p__Proteobacteria;c__Alphaproteobacteria;o__Caulobacterales;f__Caulobacteraceae;g__Phenylobacterium;__,d__Bacteria;p__Actinobacteriota;c__Thermoleophilia;o__Gaiellales;f__Gaiellaceae;g__Gaiella;__,d__Bacteria;p__Proteobacteria;c__Gammaproteobacteria;o__Xanthomonadales;f__Xanthomonadaceae;g__Lysobacter;__,d__Bacteria;p__Proteobacteria;c__Gammaproteobacteria;o__Burkholderiales;f__Nitrosomonadaceae;g__MND1;__,d__Bacteria;p__Chloroflexi;c__KD4-96;o__KD4-96;f__KD4-96;g__KD4-96;__,d__Bacteria;p__Proteobacteria;c__Alphaproteobacteria;o__Rhizobiales;f__Devosiaceae;g__Devosia;__,d__Bacteria;p__Planctomycetota;c__Phycisphaerae;o__Tepidisphaerales;f__WD2101_soil_group;g__WD2101_soil_group;s__uncultured_bacterium,d__Bacteria;p__Firmicutes;c__Clostridia;o__Clostridiales;f__Clostridiaceae;g__Clostridium_sensu_stricto_1;__,d__Bacteria;p__Acidobacteriota;c__Acidobacteriae;o__Acidobacteriales;f__Acidobacteriaceae_(Subgroup_1);__;__,d__Bacteria;p__Proteobacteria;c__Gammaproteobacteria;o__Xanthomonadales;f__Rhodanobacteraceae;g__Rhodanobacter;__,d__Bacteria;p__Actinobacteriota;c__Thermoleophilia;o__Solirubrobacterales;f__67-14;g__67-14;__,d__Bacteria;p__Acidobacteriota;c__Holophagae;o__Subgroup_7;f__Subgroup_7;g__Subgroup_7;__,d__Bacteria;p__Proteobacteria;c__Alphaproteobacteria;o__Rhizobiales;f__Xanthobacteraceae;g__uncultured;__,d__Bacteria;p__Actinobacteriota;c__Actinobacteria;o__Propionibacteriales;f__Nocardioidaceae;g__Nocardioides;__,d__Bacteria;p__Actinobacteriota;c__Actinobacteria;o__Micromonosporales;f__Micromonosporaceae;__;__,d__Bacteria;p__Firmicutes;c__Bacilli;o__Bacillales;__;__;__,d__Bacteria;p__Acidobacteriota;c__Acidobacteriae;o__Acidobacteriales;f__Acidobacteriaceae_(Subgroup_1);g__Occallatibacter;__,d__Bacteria;p__Proteobacteria;c__Alphaproteobacteria;o__Sphingomonadales;f__Sphingomonadaceae;__;__,d__Bacteria;p__Acidobacteriota;c__Acidobacteriae;o__Solibacterales;f__Solibacteraceae;g__Candidatus_Solibacter;__,d__Bacteria;p__Planctomycetota;c__Phycisphaerae;o__Tepidisphaerales;f__WD2101_soil_group;g__WD2101_soil_group;__,d__Bacteria;p__Acidobacteriota;c__Acidobacteriae;o__Acidobacteriales;f__uncultured;g__uncultured;__,d__Bacteria;p__Gemmatimonadota;c__Gemmatimonadetes;o__Gemmatimonadales;f__Gemmatimonadaceae;g__uncultured;__,d__Bacteria;p__Actinobacteriota;c__Actinobacteria;o__Micrococcales;f__Micrococcaceae;__;__,d__Bacteria;p__Acidobacteriota;c__Acidobacteriae;o__Bryobacterales;f__Bryobacteraceae;g__Bryobacter;__,d__Bacteria;p__Proteobacteria;c__Gammaproteobacteria;o__Burkholderiales;f__Burkholderiaceae;g__Burkholderia-Caballeronia-Paraburkholderia;__,d__Bacteria;p__Proteobacteria;c__Alphaproteobacteria;o__Micropepsales;f__Micropepsaceae;g__uncultured;__,d__Bacteria;p__Proteobacteria;c__Gammaproteobacteria;o__Burkholderiales;f__Oxalobacteraceae;g__Massilia;__,d__Bacteria;p__Acidobacteriota;c__Acidobacteriae;o__Acidobacteriales;f__Acidobacteriaceae_(Subgroup_1);g__Granulicella;__,d__Bacteria;p__Actinobacteriota;c__Thermoleophilia;o__Gaiellales;f__uncultured;g__uncultured;__,d__Bacteria;p__Bacteroidota;c__Bacteroidia;o__Sphingobacteriales;f__Sphingobacteriaceae;g__Mucilaginibacter;__,d__Bacteria;p__Proteobacteria;c__Gammaproteobacteria;o__Burkholderiales;f__Comamonadaceae;__;__,d__Bacteria;p__Proteobacteria;c__Alphaproteobacteria;o__Rhizobiales;f__Xanthobacteraceae;__;__,d__Bacteria;p__Firmicutes;c__Bacilli;o__Bacillales;f__Bacillaceae;g__Bacillus;__,d__Bacteria;p__Acidobacteriota;c__Blastocatellia;o__Pyrinomonadales;f__Pyrinomonadaceae;g__RB41;__,d__Bacteria;p__Proteobacteria;c__Alphaproteobacteria;o__Sphingomonadales;f__Sphingomonadaceae;g__Sphingomonas;__,d__Bacteria;p__Acidobacteriota;c__Vicinamibacteria;o__Vicinamibacterales;f__uncultured;g__uncultured;__,d__Bacteria;p__Actinobacteriota;c__Actinobacteria;o__Streptomycetales;f__Streptomycetaceae;g__Streptomyces;__,d__Bacteria;p__Acidobacteriota;c__Vicinamibacteria;o__Vicinamibacterales;f__Vicinamibacteraceae;g__Vicinamibacteraceae;__
Biochar_B_1,0,0,0,0,0,0,0,0,0,0,0,0,4,0,0,0,0,0,0,0,0,0,0,0,0,0,0,0,0,0,0,0,0,0,0,0,0,0,0,0,0,0,0,0,0,0,0,19,48,0,0,7,0,0,0,0,0,0,0,0,0,0,0,0,0,0,67,0,0,4,0,0,0,0,0,60,0,0,0,0,0,38,2,0,0,0,15,0,0,0,18,7,0,0,22,0,0,0,0,0,10,0,0,0,0,0,0,0,0,0,0,6,0,0,0,0,0,0,0,0,0,0,0,4,93,72,0,0,0,0,0,26,0,6,0,7,0,22,0,0,0,0,51,82,11,0,52,0,41,40
Control_B_1,0,0,0,4,0,1,0,0,0,4,0,0,44,1,27,0,0,0,0,0,0,0,11,3,0,0,0,0,0,0,0,0,0,1,0,0,0,69,0,0,0,0,0,3,0,0,6,6,0,0,0,3,0,0,10,0,0,18,0,2,17,0,7,6,24,0,8,7,0,0,48,0,0,2,0,1,0,24,5,3,23,0,20,10,0,0,0,0,0,0,10,15,4,0,0,0,5,14,5,0,0,0,1,0,23,3,21,6,0,17,0,1,0,0,0,0,0,2,10,0,8,7,0,1,30,0,2,0,2,1,49,4,32,3,0,56,31,43,0,21,6,14,4,186,3,0,0,0,0,0
Biochar_B_2,0,23,0,11,6,12,0,0,0,3,0,0,32,1,17,0,0,0,0,0,5,0,16,0,3,0,0,0,0,0,0,0,0,0,0,0,0,18,0,0,0,0,0,0,0,0,0,9,13,4,0,5,0,0,8,0,0,0,0,0,7,0,9,7,25,1,48,0,0,1,24,0,0,11,0,7,0,3,0,0,4,5,37,8,0,0,0,0,0,0,8,5,19,0,0,0,14,0,2,2,6,7,0,4,45,6,46,18,6,20,0,23,6,0,0,7,10,4,0,0,0,0,0,0,49,0,0,0,0,7,18,9,16,0,0,32,27,28,0,8,14,38,41,153,2,0,4,8,0,3
Control_B_2,0,0,0,6,0,8,0,0,0,2,0,0,67,0,25,0,0,0,0,0,0,0,21,2,0,2,0,0,0,0,0,0,0,0,0,0,0,89,0,0,0,0,2,0,0,0,0,0,0,3,0,0,0,0,0,0,0,12,2,6,1,0,6,8,19,0,2,0,0,0,16,0,0,5,0,0,0,36,5,0,10,3,49,5,0,0,0,0,0,0,0,4,25,0,0,0,0,24,0,0,0,0,0,2,42,0,32,0,0,11,0,0,2,0,0,2,2,0,26,0,0,0,0,0,33,0,0,0,0,0,55,4,35,0,0,58,40,19,0,21,4,34,9,167,0,0,3,0,0,0
Biochar_B_3,0,0,0,17,0,9,0,0,0,0,0,0,0,0,0,0,0,0,0,0,15,0,4,0,0,0,0,0,0,0,0,0,0,0,0,0,0,16,0,0,0,1,0,0,0,0,0,19,23,0,0,8,0,4,2,0,0,0,0,0,13,0,3,2,25,5,74,5,0,0,25,0,0,0,0,35,0,0,21,0,9,38,2,0,0,0,0,2,0,0,10,23,0,0,0,0,0,4,0,3,0,0,3,3,9,7,49,32,14,12,0,26,11,0,0,0,0,27,3,0,0,20,7,23,20,21,0,0,0,24,2,0,0,2,20,7,20,28,0,17,6,29,34,192,8,1,30,0,22,19
Control_B_3,0,0,0,4,5,0,0,0,0,0,0,0,20,6,6,0,0,0,0,0,6,0,15,0,0,0,0,0,0,0,0,0,0,3,0,0,0,75,0,0,0,0,14,0,0,0,4,17,0,0,0,4,0,0,0,0,0,36,0,0,22,0,22,18,35,0,12,0,0,0,42,0,0,3,0,0,0,18,4,0,17,3,6,0,0,0,1,0,0,0,28,12,3,0,0,0,0,13,6,0,0,0,2,0,36,5,9,13,6,22,0,2,17,0,0,0,0,6,4,0,11,18,3,0,24,1,0,0,0,15,31,6,19,0,0,68,41,52,0,49,11,79,22,188,1,0,0,1,0,1
Biochar_B_4,0,94,0,2,12,5,0,0,0,0,0,0,18,0,0,0,0,0,0,0,0,0,4,0,0,0,0,0,0,0,0,0,0,0,0,0,0,0,0,0,0,0,0,0,0,0,0,0,15,11,0,0,0,0,29,0,0,37,0,5,0,0,0,0,0,0,0,0,0,0,0,0,0,0,0,0,0,28,0,0,5,0,9,20,0,0,0,0,0,0,15,0,0,0,0,0,74,0,0,0,0,0,0,0,49,0,0,0,0,22,0,0,0,0,0,0,0,0,6,0,0,0,0,0,40,0,0,0,14,0,22,2,6,0,0,16,0,69,0,0,5,5,0,236,10,0,0,0,0,0
Control_B_4,0,22,0,0,12,3,0,3,0,1,0,0,38,0,20,0,0,2,0,0,0,0,12,0,0,3,0,0,0,0,0,0,0,4,0,0,0,125,0,0,0,0,0,0,0,5,0,5,0,0,0,6,0,0,1,0,0,14,0,14,0,0,2,16,40,1,2,1,0,0,26,0,0,7,0,0,0,30,2,0,13,0,17,8,0,0,0,0,0,0,22,5,26,0,0,0,4,14,4,0,0,0,0,0,29,0,4,10,2,17,1,1,6,0,0,0,6,0,19,0,15,2,0,0,42,0,0,0,2,0,44,2,28,0,0,91,14,17,0,2,3,20,5,150,0,0,0,0,0,0
Biochar_B_5,0,0,0,0,0,2,0,0,0,0,28,0,6,0,0,0,0,0,0,0,40,0,0,0,0,0,0,0,0,0,0,0,0,0,0,0,0,0,0,0,3,0,0,0,0,0,0,25,0,0,0,15,15,0,0,0,0,6,0,0,0,0,6,0,0,18,63,0,0,0,0,0,0,5,0,34,0,0,52,0,0,45,7,0,0,0,0,0,0,0,0,0,48,0,42,0,13,0,0,29,14,0,0,0,0,0,0,0,0,9,0,31,15,0,2,0,6,0,3,0,0,0,0,0,75,28,0,0,0,0,4,0,0,6,91,9,0,33,30,0,0,23,60,99,0,6,12,0,0,55
Control_B_5,0,0,0,0,3,0,0,0,0,2,0,0,30,0,12,0,0,1,0,0,0,0,1,0,0,0,0,0,0,0,0,0,0,0,0,0,0,106,0,0,0,0,0,4,0,0,12,0,0,0,0,0,0,0,0,0,0,7,0,0,22,0,9,15,43,4,15,8,0,1,48,0,0,4,0,0,0,47,10,24,16,1,0,0,0,0,0,0,0,0,2,16,4,0,0,0,6,4,2,0,0,0,0,14,20,2,23,0,6,40,0,7,7,0,0,0,8,4,17,0,6,7,0,1,76,0,11,0,0,0,34,4,34,1,0,33,0,43,3,25,24,45,22,154,1,0,0,1,0,0
Biochar_B_6,0,7,0,15,0,44,0,0,0,0,0,0,6,0,0,0,0,0,0,0,5,0,35,0,0,11,0,0,0,0,0,0,0,0,0,0,0,0,0,0,0,0,0,0,0,0,0,0,0,33,0,9,0,0,23,0,0,0,13,0,0,0,0,0,25,0,43,0,0,3,0,0,0,13,0,16,0,20,10,0,4,0,48,0,0,0,0,0,0,0,11,0,0,0,0,0,0,0,0,0,0,0,0,0,60,0,84,0,8,37,0,0,0,0,0,0,11,0,0,0,0,0,0,0,0,0,0,0,0,0,19,0,30,0,0,10,0,0,0,0,20,0,70,331,4,0,0,0,0,0
Control_B_6,0,16,0,11,10,7,0,0,0,5,0,0,27,1,13,0,0,1,0,0,0,0,7,0,3,11,0,0,0,0,0,0,0,0,0,0,0,11,0,0,0,3,0,0,0,0,0,7,0,3,0,8,2,0,0,0,0,9,2,4,0,0,6,14,24,0,13,0,0,0,32,0,0,12,0,1,0,20,9,0,2,2,19,2,1,0,0,0,0,0,19,3,10,0,0,0,3,11,3,0,10,0,0,2,16,6,51,18,4,51,0,5,3,0,0,3,6,4,15,0,0,2,0,0,26,0,6,0,0,0,42,7,40,11,0,64,17,37,0,6,14,22,33,135,0,0,10,2,0,0
Biochar_B_7,4,0,0,0,0,0,0,0,0,0,0,0,7,0,0,0,0,0,0,0,0,0,58,0,0,5,0,11,0,0,0,0,0,0,0,0,0,0,0,0,0,0,0,0,0,0,0,68,0,0,0,0,0,0,0,0,0,0,0,0,0,0,0,0,0,34,0,0,0,0,0,0,0,0,0,0,0,0,0,0,0,0,0,0,0,0,0,0,0,0,0,53,0,0,0,0,0,0,0,40,16,0,0,16,0,0,90,60,22,0,0,28,0,0,0,12,34,0,0,0,0,0,0,40,0,178,0,0,0,82,0,3,0,0,73,0,0,7,14,0,0,0,131,0,0,0,103,0,0,105
Control_B_7,5,4,0,0,0,1,0,0,0,0,20,0,6,0,0,0,0,0,0,0,3,2,5,0,0,18,0,5,4,0,18,0,4,0,0,0,7,0,0,0,1,0,2,0,0,0,0,16,8,1,0,5,0,3,0,0,0,2,0,10,8,0,5,3,0,22,10,0,1,12,40,0,0,10,2,6,0,4,9,11,0,12,3,1,0,0,0,2,0,11,2,36,0,0,7,8,4,0,1,11,27,2,0,26,0,25,28,21,8,37,0,18,11,16,3,19,17,12,6,0,0,0,14,7,18,23,6,0,0,12,6,2,0,15,0,9,0,16,1,0,18,0,61,32,8,3,16,11,9,68
Biochar_B_8,0,0,0,0,0,4,0,0,0,0,25,0,6,0,0,0,0,0,0,0,13,1,20,0,0,0,0,0,0,7,0,0,0,0,0,0,37,0,0,0,0,0,30,0,0,0,0,29,0,0,0,0,0,0,0,3,0,0,0,5,0,0,0,0,0,14,24,0,13,0,0,0,0,41,0,12,0,0,0,43,0,43,0,13,0,0,3,4,0,0,0,82,0,0,0,0,0,0,0,30,0,0,0,0,0,0,74,5,0,13,3,13,0,5,14,0,10,16,9,0,0,0,24,97,47,75,0,0,0,94,0,0,0,0,28,3,0,11,0,0,0,0,65,114,4,0,58,0,11,60
Control_B_8,0,0,0,0,0,0,0,0,0,0,0,0,1,0,0,0,0,0,0,0,24,0,0,0,0,10,0,0,0,14,0,0,7,0,0,0,39,0,0,0,1,0,0,0,0,0,0,0,9,0,0,0,0,0,0,0,0,0,0,0,37,0,0,0,0,79,22,0,0,0,13,0,0,15,0,27,0,0,321,118,0,17,0,0,0,0,0,0,0,0,0,25,0,0,0,0,0,0,0,0,0,0,0,10,0,0,117,0,0,2,0,5,0,31,13,0,79,0,0,0,0,0,0,7,44,54,0,0,0,0,0,4,0,2,10,0,0,0,0,0,91,0,37,146,0,6,0,0,8,24
Biochar_B_9,0,16,0,0,0,0,0,0,0,0,0,0,0,0,0,0,0,0,0,0,50,0,0,0,0,0,0,0,0,0,0,0,0,0,0,0,0,0,0,0,3,0,0,0,31,0,0,0,0,0,0,0,0,0,0,0,0,14,0,0,0,0,0,0,0,12,18,0,0,0,0,0,0,10,0,0,0,0,0,0,0,0,1,34,0,0,0,0,0,15,12,34,0,0,21,0,0,0,0,7,0,0,0,0,0,0,53,0,31,0,0,0,0,0,0,0,33,0,0,0,0,0,11,82,39,94,0,0,0,130,0,0,0,0,53,5,0,15,0,0,0,0,118,62,3,5,0,0,0,49
Control_B_9,7,4,0,0,0,2,0,0,0,0,17,1,6,0,5,0,0,0,0,0,11,0,0,0,0,9,0,9,2,0,15,0,3,0,0,0,19,12,0,0,1,0,2,0,0,0,0,1,16,9,0,1,0,0,0,0,0,2,5,2,8,0,0,7,12,27,17,0,0,6,38,0,0,21,0,6,0,29,1,65,0,10,0,0,0,0,3,0,0,7,0,21,0,0,3,9,4,0,0,6,28,7,0,37,13,14,35,39,4,30,0,12,0,15,0,28,19,0,0,0,0,0,23,18,32,11,0,0,0,9,28,14,0,8,0,14,4,11,0,0,71,4,29,54,5,10,22,10,9,31
Control_B_10,0,0,0,0,0,0,0,0,0,0,88,2,0,0,0,0,0,0,0,0,0,0,0,0,0,0,0,0,0,0,0,0,63,5,0,0,0,0,0,0,0,0,0,0,0,0,0,0,0,9,62,0,0,0,0,0,3,0,2,0,0,0,0,0,0,44,1,0,0,9,0,0,0,0,66,0,0,0,11,12,0,0,0,0,0,0,47,0,0,0,0,0,0,0,2,0,0,0,0,0,0,4,0,13,0,59,0,117,0,0,0,0,0,0,0,30,0,0,0,0,0,0,0,18,0,0,0,0,0,0,0,0,0,35,24,0,0,0,0,0,0,0,80,0,11,206,103,65,0,70
Control_B_11,0,0,0,0,0,0,0,0,0,0,89,0,0,0,0,20,0,0,0,0,0,0,0,0,0,0,0,0,0,0,0,0,77,0,0,0,0,0,0,0,0,0,0,0,0,0,0,0,0,15,36,0,0,0,0,0,0,0,0,0,0,0,0,0,54,12,0,0,41,0,0,0,0,0,36,18,0,0,10,0,0,0,0,13,0,0,38,0,0,0,0,0,0,0,0,0,0,0,0,0,21,10,0,15,0,16,15,131,22,7,0,0,0,0,0,36,0,0,6,0,0,0,0,0,0,0,0,0,0,0,0,0,0,27,21,13,0,0,11,0,0,0,63,0,6,159,134,79,0,68
Control_B_12,0,0,0,0,0,0,0,0,0,0,82,0,0,0,0,5,0,0,0,0,0,0,0,0,0,0,0,0,0,0,0,0,54,3,0,0,0,0,0,0,0,8,0,0,0,0,0,0,0,0,39,0,0,3,0,0,0,0,0,9,0,0,4,0,21,4,0,0,61,12,20,0,0,0,45,0,0,0,5,7,0,25,0,0,0,0,20,0,0,0,0,0,0,0,0,10,0,0,0,0,0,1,0,11,0,21,12,126,0,10,0,0,1,0,29,32,0,0,0,0,0,0,0,33,0,0,0,0,0,0,0,0,0,57,19,9,0,0,20,0,0,0,50,0,10,183,97,103,0,96
Control_B_13,0,0,0,0,0,0,0,0,0,0,56,0,0,0,0,0,0,0,0,0,0,0,0,0,16,0,0,0,0,0,0,13,33,0,0,0,0,0,0,0,0,0,0,0,0,0,0,0,0,7,108,0,0,0,0,0,0,0,0,11,0,18,0,0,23,16,0,0,91,7,12,0,0,2,20,0,0,0,0,0,0,0,0,30,0,0,27,0,0,0,0,0,0,0,0,0,23,0,0,4,14,44,0,18,0,17,0,114,0,0,0,0,0,18,8,13,0,0,0,0,0,0,22,5,0,0,0,12,0,0,0,0,0,44,15,15,0,0,12,0,0,0,14,0,0,178,95,74,0,70
Control_B_14,0,0,0,0,0,0,0,0,0,0,30,0,0,0,0,0,0,0,0,0,0,0,3,0,0,0,0,0,0,0,0,0,12,0,0,0,0,0,0,0,0,0,0,0,0,0,0,0,3,0,61,0,0,0,16,0,0,0,0,0,0,0,0,0,23,0,0,0,71,0,0,0,0,0,0,0,0,0,0,0,0,11,0,7,0,0,48,11,0,0,0,0,0,0,0,0,0,0,0,6,10,19,0,2,0,23,6,25,13,0,0,8,3,0,0,12,0,0,0,0,0,0,0,16,0,0,0,6,0,0,0,0,0,11,12,19,0,0,0,0,0,0,50,0,0,49,73,45,0,19
Control_B_15,0,0,0,0,0,1,0,0,0,0,41,0,0,0,0,8,0,0,0,0,2,0,0,0,8,7,0,0,0,0,0,0,35,0,0,0,0,0,0,0,0,9,0,0,0,0,0,0,16,5,75,3,0,0,0,0,0,0,2,1,0,5,0,1,0,9,0,0,37,4,8,0,0,0,59,0,0,0,14,5,0,0,0,0,0,0,15,3,0,0,0,0,0,0,0,0,0,0,0,0,7,25,0,13,0,33,0,77,0,0,0,0,0,0,23,30,0,0,11,0,0,0,0,23,0,13,0,0,0,9,0,0,0,35,6,13,0,0,15,0,0,0,36,15,5,131,150,103,0,116
Control_B_16,0,0,0,0,0,0,0,0,0,0,0,0,0,0,0,0,0,0,0,0,0,0,0,0,0,0,0,0,0,0,0,0,29,0,0,0,0,0,0,0,0,0,0,0,0,0,0,0,0,0,187,8,0,0,0,0,0,0,0,12,0,16,0,0,39,40,0,0,67,0,0,0,0,0,62,0,0,0,27,0,0,0,0,0,0,0,34,0,0,13,0,0,0,0,0,0,0,0,0,0,0,0,0,16,0,63,0,88,0,0,0,0,0,12,0,79,0,0,0,0,0,0,0,0,0,0,0,0,0,0,0,0,0,53,9,10,0,0,0,0,0,0,28,0,0,179,136,108,0,117
Control_B_17,0,0,0,0,0,0,0,0,0,0,42,0,0,0,0,0,0,0,0,0,0,0,0,0,0,6,0,0,0,0,0,0,25,3,0,0,0,0,0,0,0,20,0,0,0,0,0,0,9,0,38,0,0,6,0,0,0,0,0,5,0,7,0,0,0,3,0,0,50,6,8,0,0,0,60,0,0,0,11,8,0,12,0,21,0,0,21,0,0,3,0,0,0,0,0,0,0,0,0,17,0,11,0,6,0,58,4,72,8,1,0,0,0,8,14,32,8,0,3,0,0,0,9,22,0,17,0,0,0,0,0,0,0,32,12,7,0,0,0,0,0,0,34,18,4,129,156,95,0,68
Biochar_B_10,0,1,0,0,0,0,0,0,0,0,38,0,0,0,0,9,0,0,0,0,0,0,0,0,17,0,0,0,0,10,0,0,34,4,0,0,0,0,0,1,0,17,0,0,0,0,0,0,0,0,47,0,0,0,0,0,0,0,2,0,0,7,0,0,11,8,0,0,42,9,8,0,0,0,55,0,0,0,15,5,0,14,0,0,0,0,17,0,0,0,0,6,0,0,0,0,0,0,0,0,11,13,0,0,0,47,0,59,16,0,0,0,0,8,20,20,0,0,6,0,0,0,0,2,0,20,0,0,0,0,0,1,0,33,8,9,0,0,8,0,0,0,32,16,4,104,171,113,7,83
Biochar_B_11,0,0,0,0,0,0,0,0,0,0,53,0,0,0,0,0,0,0,0,0,0,0,0,0,10,0,0,0,0,0,0,0,46,0,0,0,0,0,0,0,0,0,0,0,0,0,0,0,0,0,98,0,0,0,0,0,0,0,0,0,0,18,0,0,80,0,0,0,89,0,0,0,0,0,41,0,0,0,0,0,0,0,0,22,0,0,59,0,0,0,0,0,0,0,0,0,0,0,0,0,16,0,0,12,0,50,0,89,0,0,0,0,0,0,0,37,0,0,0,0,0,0,0,0,0,0,0,0,0,0,0,0,0,26,15,12,0,0,8,0,0,0,35,18,0,132,181,118,0,91
Biochar_B_12,0,0,0,0,0,0,0,0,0,0,45,0,0,0,0,18,0,0,0,0,0,0,0,0,0,3,0,0,0,0,0,0,45,0,0,0,0,0,0,0,0,13,0,0,0,0,0,0,0,3,58,0,0,0,0,0,0,0,0,0,0,0,0,0,43,16,0,0,43,0,8,0,0,0,60,0,0,0,0,10,0,0,0,0,0,0,22,0,0,0,0,0,0,0,0,13,27,0,0,0,14,0,0,0,0,41,0,85,0,0,0,0,0,0,0,40,0,0,0,0,0,0,0,16,0,0,9,0,0,0,0,0,0,0,6,4,0,0,0,0,1,0,30,0,7,188,137,121,0,110
Biochar_B_13,0,0,0,0,0,0,0,0,0,0,52,0,0,0,0,10,0,0,0,0,0,0,0,0,11,0,0,0,0,0,0,0,27,5,0,0,0,0,0,0,0,9,0,0,0,0,0,0,0,12,37,0,2,0,0,13,0,0,2,0,0,2,0,0,0,18,0,0,43,5,24,0,0,0,52,0,0,0,0,15,0,5,0,0,0,0,33,0,0,2,0,0,0,0,0,0,15,0,0,0,5,12,0,12,0,79,6,80,0,0,0,2,2,0,17,27,3,0,1,0,0,0,9,14,0,0,0,0,0,0,0,14,0,64,8,6,0,0,8,0,0,0,31,0,9,128,148,86,0,57
Biochar_B_14,0,0,0,0,0,2,0,0,0,0,39,0,0,0,0,11,0,0,0,0,0,0,0,0,14,0,0,0,0,5,0,0,35,2,0,0,0,0,4,0,0,10,0,0,0,0,0,0,0,0,33,0,4,6,3,0,0,0,0,7,0,10,0,0,20,53,0,0,32,6,20,0,0,0,46,0,0,0,29,6,0,0,0,0,0,0,20,2,0,3,0,0,0,0,7,0,0,0,0,0,13,8,0,9,0,65,3,90,0,0,0,0,0,7,10,16,0,8,3,0,0,0,5,21,0,10,5,0,0,0,0,11,0,27,9,7,0,0,4,0,0,0,22,16,0,112,143,84,0,62
Biochar_B_15,0,0,0,15,0,4,0,0,0,0,35,0,0,0,0,7,0,0,0,0,0,0,3,0,0,0,0,0,0,0,0,0,30,0,0,0,0,0,0,0,0,13,0,0,0,0,0,0,0,6,47,0,0,0,2,0,0,0,6,6,0,8,0,0,0,8,0,0,43,2,9,0,1,0,58,0,0,0,9,0,0,0,0,0,0,0,24,4,0,0,0,0,0,0,0,0,0,0,0,19,12,21,0,12,0,95,0,44,0,0,0,0,0,8,27,27,0,4,0,0,0,0,10,13,0,6,0,0,0,0,0,0,0,40,9,4,0,0,11,0,0,0,44,0,8,102,161,128,0,74
Biochar_B_16,2,0,0,0,0,0,0,0,0,0,33,0,0,5,0,7,0,0,0,0,0,0,0,0,0,0,0,0,0,0,0,0,27,7,0,0,0,0,0,0,0,2,0,0,0,0,0,0,0,0,72,0,0,0,0,0,0,0,0,0,0,9,0,2,0,37,0,0,25,0,9,0,4,0,80,0,0,0,3,0,0,14,0,0,0,0,15,2,0,0,0,0,3,0,0,0,3,0,0,0,8,9,0,0,0,63,2,67,0,0,0,0,0,0,13,13,0,1,0,0,0,0,4,10,0,4,2,0,0,0,0,0,0,11,22,5,0,0,0,0,1,0,43,0,3,129,150,56,7,32
Biochar_B_17,0,0,0,55,0,0,0,0,0,0,41,0,0,0,0,0,0,0,0,0,0,0,0,0,0,0,0,0,0,25,0,0,32,0,0,0,0,8,0,0,0,0,0,0,4,0,0,0,0,0,33,0,0,5,0,0,0,0,0,2,0,0,0,0,89,112,0,0,36,5,0,0,0,0,45,0,0,0,12,76,0,0,0,0,0,0,0,0,0,0,0,0,0,0,0,0,0,0,0,0,18,0,0,0,0,64,70,34,0,0,0,0,0,0,42,24,0,0,0,0,0,0,8,0,0,0,0,0,0,0,0,0,31,11,0,36,18,0,0,0,0,0,39,0,0,87,155,66,0,52
Biochar_B_18,0,0,0,0,0,0,0,0,0,0,0,0,0,0,0,0,0,0,0,0,0,0,0,0,0,0,0,0,0,60,0,0,13,0,0,0,0,0,0,0,0,0,0,0,0,0,12,0,0,0,34,0,0,0,0,0,0,0,0,0,0,0,0,0,50,164,0,0,0,0,0,0,0,0,0,14,0,0,0,110,0,0,0,0,0,0,0,0,0,0,0,0,0,0,0,0,86,0,0,0,24,53,0,0,1,30,115,53,0,0,0,0,0,0,26,0,0,0,0,0,0,0,0,0,0,0,0,0,0,0,63,0,24,0,17,46,0,0,27,18,0,0,48,0,7,88,37,65,0,10
Control_B_18,4,1,0,0,0,0,0,0,0,0,4,1,0,0,0,3,2,0,5,0,13,0,3,0,1,8,0,1,0,15,4,0,5,0,2,0,0,0,0,4,0,18,0,0,12,0,0,0,9,0,0,3,0,1,0,5,0,0,25,8,1,7,1,0,3,1,7,0,4,18,0,0,7,5,28,15,0,5,8,0,0,3,2,19,0,0,5,18,0,9,0,2,0,0,9,7,0,0,0,6,15,13,0,37,0,5,3,6,3,30,0,9,1,41,8,53,6,1,0,1,0,0,22,20,15,9,6,0,0,10,4,0,0,74,5,27,0,0,1,0,27,0,10,6,18,19,53,57,8,70
Control_B_19,5,1,0,0,0,2,0,0,0,0,3,0,1,0,0,1,0,0,8,0,9,0,0,0,7,6,0,3,0,11,3,0,5,0,5,0,0,0,0,3,1,14,0,0,6,0,0,2,17,0,0,12,0,1,2,6,0,0,20,4,0,6,0,0,6,1,5,0,2,16,0,0,1,6,39,12,0,7,7,0,0,1,2,18,0,0,4,21,0,14,0,6,0,0,10,3,0,0,0,6,16,15,0,25,1,3,3,2,5,30,0,8,4,34,5,40,6,0,0,1,0,0,10,14,13,16,2,0,0,3,5,0,1,66,4,14,0,0,0,0,26,0,11,12,26,30,41,80,13,114
Control_B_20,2,3,0,0,0,0,0,0,0,0,5,2,1,0,0,2,0,0,6,0,13,3,0,0,4,5,0,0,2,9,3,0,6,0,2,0,0,0,0,8,0,14,0,3,19,0,0,3,12,2,0,9,0,0,4,7,0,1,16,7,0,8,0,0,3,0,2,0,2,23,0,0,12,6,33,10,0,4,14,0,0,1,0,21,0,0,2,20,0,13,0,5,0,0,7,4,0,0,0,6,10,12,0,20,2,3,8,2,4,20,0,8,2,39,6,47,7,3,0,1,0,0,23,11,23,13,4,0,0,4,3,0,0,93,4,12,0,0,2,0,23,0,12,18,36,15,57,54,10,111
Control_B_21,4,0,0,0,0,0,0,0,0,0,3,0,0,0,0,3,5,0,12,0,13,2,0,0,2,6,0,4,1,14,3,0,8,0,3,0,0,0,0,9,0,13,0,0,7,0,0,0,9,3,0,5,2,0,3,7,0,0,13,6,2,7,0,0,3,4,7,0,3,17,0,0,8,11,45,10,0,4,5,0,0,1,0,13,0,0,3,18,0,15,0,2,0,0,14,4,0,0,0,5,22,11,0,31,0,2,4,2,4,31,0,12,4,21,7,53,6,5,0,2,0,0,16,16,20,9,6,0,0,6,4,0,0,69,3,12,0,0,2,0,18,0,13,4,19,29,56,68,4,102
Biochar_B_19,1,8,0,0,0,0,0,0,0,0,4,0,0,0,0,5,5,0,6,3,14,0,1,0,1,9,0,0,0,17,7,0,5,0,6,0,0,0,0,2,0,14,0,0,8,0,0,0,15,0,0,9,0,0,0,3,0,0,15,0,1,8,0,0,4,0,6,0,2,25,0,0,21,12,28,13,0,6,3,0,0,2,0,35,0,0,2,16,0,12,0,0,0,0,11,9,0,0,0,7,23,18,0,22,1,2,5,1,1,27,0,5,2,41,9,68,6,0,0,0,0,0,8,10,24,11,10,0,0,3,7,0,0,119,0,18,0,0,3,0,31,0,13,12,21,5,61,54,5,82
Biochar_B_20,2,0,0,0,1,2,0,0,0,0,8,1,0,0,0,1,1,0,12,0,13,2,1,0,5,4,0,3,0,9,2,0,6,0,7,0,0,0,0,7,1,9,0,0,16,0,0,0,22,1,0,9,0,0,3,1,0,0,14,9,0,8,0,0,2,1,5,0,1,22,0,0,12,16,31,4,0,0,5,0,0,1,0,30,0,0,2,13,0,8,0,3,1,0,11,7,0,0,0,6,24,19,0,12,0,0,3,3,1,28,0,11,2,34,5,55,8,6,0,2,0,0,20,18,24,10,4,0,0,6,5,0,0,87,5,23,0,0,0,0,24,0,14,7,27,9,61,53,7,64
Biochar_B_21,4,1,0,0,0,1,0,0,0,0,4,0,0,0,0,2,3,0,6,0,3,2,2,0,4,8,0,3,0,11,6,0,5,0,12,0,0,0,0,11,2,19,0,0,2,0,0,0,19,1,0,9,0,0,2,6,0,0,12,6,1,9,0,0,1,3,4,0,1,26,0,0,9,12,37,11,0,0,2,0,0,0,4,30,0,0,7,9,0,8,0,0,1,0,5,7,1,0,0,2,30,14,0,29,0,2,8,4,0,32,0,8,2,26,13,68,10,0,0,0,0,0,15,20,24,6,9,0,0,4,3,0,0,140,1,31,0,0,1,0,31,0,16,9,7,10,51,63,3,89
Biochar_B_22,5,4,0,1,0,0,0,0,0,0,7,0,0,0,0,3,3,0,8,0,8,1,1,0,8,4,0,3,0,31,0,0,11,0,4,0,0,0,0,5,0,6,0,4,4,0,0,2,18,0,0,10,0,0,1,5,1,2,24,5,0,3,0,0,2,2,4,0,4,16,0,0,7,10,44,7,0,6,4,0,0,2,2,17,0,0,0,9,0,10,0,2,0,0,9,2,0,0,0,5,23,6,0,18,0,5,3,3,3,39,0,5,1,26,5,55,7,3,0,1,0,0,8,14,14,10,4,0,0,6,6,0,0,101,3,22,0,0,3,0,30,0,17,5,23,18,41,63,6,86
Biochar_B_23,3,1,0,0,1,3,0,0,0,0,2,4,0,0,0,2,3,0,13,0,9,1,3,0,5,9,0,4,2,20,2,0,5,0,5,0,0,0,0,7,1,6,0,2,15,0,0,3,19,0,0,6,0,0,0,19,0,1,28,5,4,5,0,0,0,4,6,0,2,31,0,0,9,6,40,13,0,4,11,0,0,1,1,7,0,0,1,19,0,4,0,4,0,0,12,8,0,0,0,6,24,12,0,25,0,4,5,3,1,24,0,0,1,38,6,43,4,0,0,6,0,0,29,11,22,15,1,0,0,8,8,0,1,50,5,22,0,0,0,0,25,0,10,13,53,13,46,67,1,75
Biochar_B_24,5,4,0,0,0,1,0,0,0,0,3,1,0,0,0,7,2,0,12,0,5,0,2,0,3,8,0,5,0,15,8,2,8,0,0,0,0,0,0,3,2,12,0,0,10,0,0,0,21,0,0,5,0,0,2,10,0,0,16,9,3,2,0,0,3,2,2,0,0,21,2,0,10,9,52,8,0,0,5,0,0,0,2,5,0,0,1,24,0,13,0,5,2,0,12,1,2,0,0,7,25,13,0,20,0,5,8,1,2,21,0,10,2,40,8,47,10,2,0,4,0,0,20,21,12,17,4,0,0,1,5,0,0,51,7,13,0,0,2,0,25,0,17,9,45,33,51,65,7,77
Biochar_B_25,2,0,0,1,1,2,0,0,0,0,1,2,0,0,0,5,1,0,10,0,5,0,0,0,3,10,0,2,0,14,3,0,6,0,5,0,0,0,0,6,2,14,0,1,14,0,0,0,16,1,0,13,0,0,0,7,0,1,18,4,4,4,0,0,0,0,1,0,0,30,0,0,6,15,26,9,0,7,4,1,0,1,2,26,0,0,0,10,0,11,0,6,4,0,15,4,0,0,0,6,36,6,0,28,0,3,5,0,0,19,0,1,0,37,10,70,6,3,0,4,0,1,9,27,21,13,5,0,0,9,4,0,0,60,8,16,0,0,1,0,26,0,12,10,26,42,69,58,8,97
Biochar_B_26,1,0,0,1,0,0,0,0,0,0,0,0,0,0,0,4,2,0,9,0,10,2,2,0,1,8,0,2,0,17,1,1,10,1,5,0,0,0,0,3,0,13,0,0,18,0,0,1,21,0,0,14,0,0,1,8,0,1,20,6,1,5,0,0,0,0,8,0,1,24,2,0,7,14,40,11,0,6,5,1,0,0,3,19,0,0,1,18,0,10,0,7,3,0,11,6,0,0,0,6,25,5,0,21,0,4,6,1,1,19,0,7,3,19,4,45,8,0,0,3,0,0,12,21,15,15,4,0,0,11,6,0,0,68,6,11,0,0,1,0,22,0,5,11,13,47,53,53,2,110
Biochar_B_27,0,3,0,0,0,2,0,0,0,0,1,1,0,0,0,6,2,0,22,0,7,0,0,0,2,12,0,2,0,13,4,0,9,0,4,0,0,0,0,5,0,28,0,0,14,0,0,2,18,0,0,10,0,1,3,3,0,0,24,2,1,16,0,0,2,0,5,0,0,38,2,0,7,20,42,11,0,4,3,0,0,1,2,23,0,0,1,12,0,18,0,6,1,0,0,14,0,0,0,3,34,7,0,33,1,3,6,0,3,17,0,4,5,31,10,57,4,7,0,1,0,0,10,15,31,20,9,0,0,9,6,0,0,62,3,11,0,0,1,0,15,0,8,22,11,28,77,45,4,93
Biochar_B_28,5,3,0,0,0,3,0,0,0,0,2,0,0,0,0,1,1,0,6,0,1,2,3,0,3,8,0,3,0,15,4,2,7,0,7,0,0,0,0,4,0,12,0,1,7,0,0,2,29,3,2,16,0,0,0,6,1,0,22,8,2,8,0,0,0,0,3,0,1,34,1,1,1,17,31,6,0,8,3,0,0,3,3,21,0,0,1,10,0,8,0,1,0,0,1,7,0,0,0,6,32,5,0,24,0,8,3,1,4,19,0,4,3,33,2,68,13,1,0,1,0,0,9,23,28,7,3,0,0,10,3,0,1,79,2,21,0,0,0,0,8,0,7,21,11,42,76,49,3,103
Biochar_B_29,5,3,0,1,0,1,0,0,0,0,1,0,0,0,0,6,2,0,7,0,5,1,4,0,2,9,0,3,0,17,4,0,3,0,9,0,0,0,0,1,1,12,0,0,7,0,0,6,17,0,0,22,0,0,1,11,0,0,20,8,3,7,0,0,1,0,1,0,0,20,1,0,5,14,38,15,0,5,6,0,0,0,7,10,0,0,2,8,0,6,0,2,1,0,6,9,0,0,0,9,39,5,0,23,0,4,4,0,2,19,0,5,7,26,8,53,8,2,0,5,0,0,8,20,24,12,3,0,0,12,8,0,0,67,4,21,0,0,0,0,12,0,13,11,11,29,76,60,9,98
Biochar_B_30,3,0,0,3,0,1,0,0,0,0,2,2,0,0,0,5,4,0,8,0,4,2,0,0,3,9,1,2,0,17,0,0,4,0,8,0,0,0,0,4,1,16,0,2,10,0,0,4,10,0,0,13,0,1,2,11,0,1,21,4,0,5,0,0,1,0,3,0,4,17,0,0,7,19,26,10,0,6,4,0,0,0,4,9,0,0,3,19,0,17,0,3,3,0,9,9,0,0,0,2,26,3,0,26,0,9,9,0,1,18,0,5,5,37,2,40,10,3,0,1,1,1,12,21,17,18,7,0,0,8,7,0,0,54,3,22,0,0,1,0,19,0,6,19,24,27,44,56,4,87
Control_B_22,3,1,0,0,0,4,0,0,0,0,6,0,0,1,0,3,2,0,3,0,3,1,2,0,2,8,0,2,0,11,5,3,7,0,10,0,0,1,0,1,0,10,0,0,7,0,0,1,12,0,0,2,7,2,0,0,0,1,26,6,2,5,1,0,1,7,16,0,9,22,4,0,2,4,20,6,0,8,6,6,0,1,1,15,0,0,9,10,0,20,1,3,0,0,13,6,0,0,0,8,21,12,0,89,0,13,8,6,4,18,0,18,4,8,21,31,8,6,0,7,0,7,6,14,14,10,11,0,0,23,3,0,4,44,3,25,0,2,1,0,15,3,29,10,8,24,190,43,7,66
Control_B_23,6,0,0,0,0,0,0,0,0,0,13,0,0,1,0,3,5,0,2,0,3,0,2,0,1,2,0,4,0,13,7,6,11,0,3,0,0,0,0,2,0,18,0,0,4,0,0,3,7,1,0,9,2,2,1,3,0,0,20,7,2,9,0,0,7,4,3,0,3,18,4,0,5,11,30,12,0,7,2,2,0,2,2,7,0,0,3,13,0,13,0,3,0,0,8,5,1,0,0,9,13,28,0,55,1,8,9,4,8,17,0,7,4,27,16,22,4,10,0,19,0,11,6,7,14,11,14,0,0,20,10,1,3,49,5,27,2,1,0,0,20,0,26,25,12,31,167,63,6,62
Control_B_24,3,6,0,0,1,1,0,0,0,0,15,0,0,5,0,1,4,0,1,0,11,3,1,0,0,0,0,3,0,18,4,6,11,0,22,0,0,7,0,1,0,1,0,1,8,0,0,1,9,0,0,9,7,4,1,7,0,0,28,22,2,8,0,0,4,3,13,0,10,11,0,0,4,8,28,15,0,12,0,2,0,3,1,25,0,0,3,9,0,29,0,0,2,0,3,4,2,0,0,12,15,26,0,50,0,10,6,5,6,11,0,22,5,22,14,27,4,2,0,0,0,21,4,19,22,13,8,0,0,11,4,0,8,75,2,18,2,1,3,2,13,1,19,15,10,63,134,59,5,47
Control_B_25,9,1,0,0,0,1,0,0,0,0,7,0,0,0,0,2,3,0,5,0,6,0,1,0,4,1,0,3,1,10,8,6,9,0,9,0,0,1,0,5,1,1,0,2,10,0,0,1,19,0,0,7,5,4,1,7,0,0,36,9,2,4,1,0,4,13,10,0,17,17,0,0,1,8,30,20,0,16,2,3,0,3,1,17,0,0,3,37,0,21,0,2,2,0,8,2,1,0,0,6,15,26,0,49,0,7,13,11,6,14,0,14,6,27,14,17,5,9,0,2,2,10,8,10,20,15,5,0,0,12,3,0,12,49,4,16,0,2,3,3,18,0,11,17,29,23,160,23,7,42
Biochar_B_31,7,4,0,0,0,0,0,0,0,0,10,0,0,0,0,0,6,0,9,0,5,1,1,0,4,0,0,0,0,12,3,1,7,0,10,0,0,0,0,3,1,1,0,2,8,0,0,0,16,0,0,12,4,4,3,10,0,1,21,6,1,9,0,0,2,1,3,0,1,26,0,0,1,6,30,19,0,3,5,0,0,5,3,24,0,0,5,19,0,19,0,4,1,0,6,11,0,0,0,7,14,8,0,33,0,3,10,6,10,11,0,16,9,20,23,48,5,3,0,2,0,1,11,6,21,11,5,0,0,14,4,0,1,87,4,11,0,0,3,0,16,0,21,9,14,27,187,64,2,88
Biochar_B_32,7,1,0,0,0,3,0,0,0,0,6,0,0,0,0,1,1,0,8,0,5,4,4,0,1,1,0,3,0,10,6,0,7,0,9,0,1,0,0,6,4,1,0,0,8,0,0,1,10,0,0,9,8,4,4,7,0,0,28,6,0,10,0,0,1,2,5,0,3,23,0,0,5,9,26,19,0,8,5,0,0,5,0,16,0,0,8,14,0,21,0,5,2,0,11,5,2,0,0,7,21,16,0,44,0,2,7,9,5,19,0,10,11,22,7,36,9,3,0,1,0,2,13,11,15,11,8,0,0,12,5,0,1,59,0,17,0,0,4,0,23,0,23,19,19,39,128,49,1,75
Biochar_B_33,4,1,0,0,0,0,0,0,0,0,8,1,1,0,0,1,3,0,8,0,7,3,0,0,6,2,0,4,1,18,5,2,3,0,14,0,0,0,0,4,0,2,0,0,14,0,0,0,5,0,0,4,8,6,6,4,0,0,41,5,1,14,0,0,3,0,5,0,1,12,0,0,4,7,38,18,0,4,3,0,0,4,1,13,0,0,4,17,0,26,0,6,5,0,8,8,0,0,0,11,12,7,0,37,0,5,7,4,4,18,0,10,2,20,9,28,3,7,0,5,0,1,21,7,19,21,12,0,0,19,5,0,1,68,4,17,0,1,0,1,30,0,11,17,55,32,97,46,6,75
Biochar_B_34,8,2,0,2,0,0,0,0,0,0,11,1,0,1,0,2,2,0,13,0,4,1,4,0,1,0,0,3,0,2,0,4,4,1,8,0,0,0,0,6,0,10,0,0,7,0,0,3,16,0,0,19,5,3,2,0,0,3,13,5,2,9,0,0,2,3,3,0,4,20,0,0,2,4,31,21,0,8,2,0,0,4,3,20,0,0,5,18,0,25,0,7,0,0,11,10,2,0,0,7,17,12,0,28,0,8,8,5,12,10,0,9,8,31,18,31,5,13,0,1,0,0,10,14,15,11,7,0,0,28,3,0,0,75,5,24,0,0,1,0,15,0,23,13,17,23,208,17,3,21
Biochar_B_35,5,0,0,2,0,1,0,0,0,0,12,1,0,0,0,2,1,1,17,0,11,0,1,0,1,0,0,3,0,4,2,10,7,0,14,0,0,0,0,4,0,22,0,2,9,0,0,1,8,0,0,13,6,4,0,1,3,0,26,6,0,8,0,0,6,3,6,0,2,16,2,0,3,3,29,25,0,5,3,0,0,4,1,22,0,0,5,16,0,14,0,6,2,0,0,6,3,0,0,12,19,21,0,33,0,10,7,5,8,15,0,13,10,16,19,26,3,10,0,4,0,2,14,9,10,13,6,0,0,34,4,0,0,57,4,20,0,1,0,0,20,0,20,10,16,21,218,25,1,53
Biochar_B_36,3,0,0,0,0,0,0,0,0,0,13,0,0,1,0,4,2,0,11,0,6,2,3,0,4,5,0,5,0,13,7,6,9,0,11,0,0,0,0,8,2,14,0,2,6,0,0,5,7,1,4,13,11,5,0,5,0,0,17,6,0,7,0,0,0,4,2,0,3,14,3,0,2,5,29,21,0,5,9,2,0,3,2,17,0,0,5,14,0,16,0,5,0,0,9,6,0,0,0,12,11,10,0,39,1,4,9,1,11,10,0,11,6,16,14,21,17,13,0,1,0,2,8,10,18,12,14,0,0,27,3,0,0,48,4,14,0,2,2,0,16,0,17,8,11,47,219,78,7,77
Biochar_B_37,5,1,0,1,0,0,0,0,0,0,10,0,0,0,0,1,1,0,14,0,4,6,4,0,2,6,0,5,0,13,2,8,12,0,23,0,0,1,0,9,1,15,0,1,4,0,0,5,7,0,2,9,5,5,3,3,0,0,28,4,1,6,0,0,8,1,1,0,4,18,1,0,5,2,29,27,0,3,3,0,0,7,4,11,0,0,4,12,0,18,0,4,2,0,6,9,0,0,0,18,18,19,0,35,0,1,9,4,7,18,0,11,10,15,12,18,13,14,0,2,0,2,13,14,21,10,6,0,0,26,4,1,1,68,2,11,0,1,0,0,12,0,18,12,10,30,185,73,8,90
Biochar_B_38,4,2,0,2,0,2,0,0,0,0,5,0,0,0,0,2,2,0,11,0,9,2,2,0,3,3,0,4,0,7,2,3,7,0,4,0,0,0,0,4,1,15,0,4,4,0,0,1,7,2,0,16,3,2,3,12,3,0,25,1,3,7,0,0,3,1,4,0,0,20,0,0,9,5,21,23,0,5,10,0,0,2,4,13,0,0,1,21,0,9,0,4,1,0,4,5,1,0,0,6,24,10,0,24,0,1,4,0,15,11,0,7,1,28,12,25,16,7,0,0,0,0,6,12,24,10,2,0,0,18,4,0,0,81,3,12,0,0,0,0,11,0,11,9,24,45,165,62,2,84
Biochar_B_39,5,3,0,0,0,0,0,0,0,0,6,0,0,0,0,10,2,0,18,0,6,3,2,0,5,6,0,6,0,16,3,5,6,0,10,0,0,0,0,3,1,13,0,2,2,0,0,4,12,0,0,12,7,0,0,22,0,0,21,2,0,2,0,0,2,0,1,0,2,28,1,0,2,10,28,20,0,3,2,0,0,1,1,22,0,0,5,11,0,9,0,3,5,0,9,5,5,0,0,7,12,13,0,27,0,4,3,0,5,8,0,11,2,19,12,28,15,8,0,1,0,5,12,9,23,15,4,0,0,21,2,0,0,66,3,19,0,2,2,0,7,0,22,15,12,46,173,65,3,97
Biochar_B_40,9,1,0,0,0,0,0,0,0,0,3,0,0,0,0,1,6,0,13,0,6,2,3,0,3,8,0,4,0,9,0,5,5,0,8,0,0,0,0,6,1,8,0,0,6,0,0,3,13,0,1,19,7,3,1,15,5,0,19,3,6,4,0,0,2,0,5,0,2,28,1,0,4,9,26,19,0,3,11,1,0,2,6,11,0,0,2,14,0,9,0,6,2,0,4,10,3,0,0,7,23,10,0,20,0,4,5,0,12,18,0,5,1,19,8,39,15,7,0,4,0,0,11,19,23,5,1,0,0,32,4,0,2,80,0,15,0,0,3,0,6,0,20,12,10,51,168,78,2,97
Control_B_26,0,2,0,0,0,4,0,0,0,0,0,0,1,7,0,0,2,0,0,0,3,0,0,0,0,0,0,0,0,0,17,0,5,0,0,0,0,4,0,0,0,1,0,1,0,0,23,0,3,6,0,0,0,0,1,0,0,5,0,1,0,7,12,0,3,0,7,12,4,0,5,0,0,4,6,0,0,6,0,217,0,0,6,1,11,0,0,0,0,0,4,48,6,0,2,1,4,0,0,2,9,10,0,3,14,5,37,1,0,18,0,17,5,0,1,2,1,0,12,0,7,0,13,3,43,1,25,0,10,9,37,19,120,18,0,21,4,9,3,30,11,18,1,93,7,13,90,4,15,6
Biochar_B_41,0,1,0,0,0,2,0,0,0,0,0,0,0,9,0,0,0,0,0,0,1,0,1,0,0,0,0,0,0,2,12,0,1,0,0,0,0,5,0,0,0,0,0,0,0,0,19,0,4,6,0,3,0,4,0,2,0,7,0,0,0,5,9,1,3,0,7,19,2,5,6,0,0,3,4,0,0,13,0,193,2,2,16,0,2,0,0,0,0,0,4,51,11,0,2,0,6,0,0,2,9,9,0,12,22,1,46,1,0,11,0,8,10,0,1,3,1,9,7,0,9,0,22,2,53,3,29,0,12,14,43,15,120,13,0,21,4,8,2,24,10,15,2,108,2,6,74,4,11,6
Biochar_B_42,0,0,0,2,0,3,0,0,0,0,0,0,2,6,1,0,1,0,0,0,3,0,2,0,3,0,0,0,0,2,11,0,8,0,0,0,0,6,0,0,0,2,0,0,0,0,18,0,4,1,0,0,0,9,0,2,0,3,0,0,1,3,15,1,1,0,13,10,1,3,17,0,0,4,6,1,0,16,0,161,0,2,16,1,5,0,0,0,0,0,2,24,9,0,2,0,9,2,0,6,12,8,0,4,18,0,53,3,0,19,0,5,18,0,2,8,1,1,5,0,9,3,14,8,48,0,25,0,19,19,36,18,141,12,0,20,6,8,2,23,10,16,0,80,2,16,86,3,12,2
Biochar_B_43,0,4,0,0,0,3,0,0,0,0,0,0,2,10,0,0,4,0,0,0,0,0,0,0,1,0,0,0,0,1,23,0,3,0,0,0,0,5,0,0,0,1,2,0,0,0,19,0,4,3,0,0,0,5,0,6,0,1,0,0,1,5,7,4,1,0,6,17,2,4,3,0,0,3,3,0,0,13,0,206,2,1,5,2,2,0,0,0,0,0,8,47,6,0,1,1,5,0,0,7,9,7,0,11,11,2,46,3,0,16,0,9,11,0,1,4,0,1,16,0,8,2,12,5,56,0,25,0,5,8,40,16,118,9,0,23,2,4,3,12,12,12,0,63,2,18,77,13,11,3
Biochar_B_44,0,0,0,2,0,7,0,0,0,0,3,0,1,9,0,0,7,0,0,0,0,0,1,0,0,0,0,0,0,1,15,0,3,0,0,0,0,2,0,0,0,4,0,0,0,0,10,1,9,3,0,0,0,12,0,7,0,1,0,0,0,4,2,1,0,0,14,23,0,10,13,0,0,6,5,0,0,11,7,153,0,3,20,2,5,0,0,0,0,0,2,30,2,0,10,4,10,0,0,13,5,9,0,10,4,36,40,6,0,10,0,4,9,0,1,25,11,8,4,0,2,0,17,12,20,4,18,0,11,5,9,6,44,18,0,9,2,11,0,15,18,5,10,60,4,26,23,17,29,16
Control_B_27,1,0,0,1,0,5,0,0,0,0,0,0,2,6,0,0,2,0,0,0,4,0,0,0,0,0,0,0,0,1,13,0,2,0,0,0,0,14,0,1,0,1,0,0,0,0,12,3,6,10,0,2,0,4,1,2,0,2,0,0,0,10,2,0,1,0,11,13,0,6,12,0,0,3,3,1,0,13,3,84,0,1,7,0,1,0,0,0,0,0,4,63,5,0,3,4,5,0,0,1,11,3,0,13,23,2,65,1,0,18,0,25,12,0,3,6,0,1,8,0,16,1,28,5,66,4,48,0,19,13,24,9,98,13,1,22,9,8,3,26,19,4,4,111,0,11,92,6,28,1
Biochar_B_45,1,0,0,1,0,5,0,0,0,0,0,0,1,12,0,0,1,0,0,0,3,0,1,0,0,0,0,0,0,0,12,0,6,0,0,0,0,8,0,0,0,5,1,1,0,0,14,0,5,9,0,0,0,5,0,1,0,8,0,2,0,7,21,1,1,0,5,12,2,4,14,0,0,2,9,0,0,17,1,120,1,0,12,2,5,0,0,0,0,0,5,28,13,0,5,1,8,2,0,7,24,13,0,9,16,1,48,6,0,10,0,19,12,1,0,2,0,3,4,0,8,0,8,11,36,1,21,0,10,19,19,10,112,13,1,24,4,20,7,18,14,18,4,84,6,17,81,5,12,4
Biochar_B_46,1,2,0,0,0,3,0,0,0,0,0,0,1,7,0,0,2,0,0,0,3,0,0,0,1,0,0,0,0,0,15,0,4,0,0,0,0,7,0,1,0,1,1,0,2,0,10,0,8,1,0,0,0,2,2,4,0,6,0,0,0,10,6,0,3,0,6,13,8,1,10,0,0,0,6,0,0,21,0,169,1,0,6,1,0,0,0,0,0,0,1,32,3,0,0,0,4,0,0,4,15,35,0,10,7,0,25,7,0,6,0,26,7,0,0,2,0,2,4,0,8,0,13,8,26,1,29,0,9,9,35,18,111,14,6,27,6,3,12,23,17,7,3,80,6,105,111,3,3,2
Biochar_B_47,0,1,0,1,2,4,0,0,0,0,0,0,2,11,1,0,1,0,1,0,1,0,1,0,0,0,0,0,0,1,12,0,5,0,0,0,0,4,0,0,0,1,0,1,2,0,22,0,3,7,0,3,0,6,0,3,0,1,0,0,0,3,7,0,4,0,2,14,1,9,4,0,0,4,5,0,0,18,0,172,0,2,8,0,3,0,0,0,0,0,5,30,5,0,1,0,8,0,0,8,9,14,0,11,11,3,38,3,1,15,0,6,4,0,2,0,0,1,4,0,14,0,10,8,51,2,25,0,21,8,37,11,144,13,3,21,4,6,1,19,3,14,0,87,3,19,91,13,12,1
Biochar_B_48,1,0,0,0,0,6,0,0,0,0,2,0,2,17,0,0,5,2,0,0,0,0,1,0,1,0,0,0,0,4,48,0,13,0,0,0,2,11,0,2,1,2,1,1,0,0,20,1,1,7,0,1,1,6,0,5,0,2,0,0,2,1,0,0,1,1,13,21,1,4,9,0,0,5,24,0,0,18,0,216,0,5,16,0,4,0,0,0,0,0,1,35,1,0,7,0,1,0,0,6,5,7,0,8,6,25,49,18,0,17,0,14,13,2,0,3,0,5,5,0,2,0,21,6,65,2,29,0,7,10,27,22,51,8,0,13,4,5,0,21,11,11,4,92,2,48,19,5,7,4
Control_B_28,2,0,0,0,0,4,0,0,0,0,0,0,0,5,0,0,0,0,0,0,0,0,1,0,0,0,0,0,0,0,15,0,0,0,0,0,0,4,0,0,0,2,0,1,0,0,18,0,3,14,0,0,0,6,2,0,0,5,0,2,1,4,21,6,3,0,10,22,4,4,4,0,0,1,4,0,0,11,2,198,2,1,13,1,5,0,0,0,0,0,8,28,7,0,5,2,5,0,0,5,7,19,0,6,13,6,30,4,0,15,0,19,14,0,0,4,0,2,4,0,16,1,9,6,34,0,32,0,26,20,34,10,122,18,6,16,2,17,6,18,4,15,3,66,0,13,120,5,10,5
Biochar_B_49,2,0,0,2,0,2,0,0,0,0,0,0,0,9,1,0,1,0,0,0,3,0,1,0,1,0,0,0,0,1,21,0,4,0,0,0,0,5,0,0,0,0,0,0,1,0,25,0,5,3,0,2,0,5,2,0,0,8,0,1,0,7,16,0,0,0,13,15,0,3,4,0,0,3,3,0,0,13,0,176,0,0,7,0,1,0,0,0,0,0,3,41,2,0,0,2,3,0,0,1,8,26,0,9,17,0,37,2,0,11,0,28,10,1,0,3,3,1,7,0,14,0,20,14,38,0,27,0,14,9,29,17,123,26,1,19,4,8,10,25,14,18,4,68,0,19,85,6,9,1
Biochar_B_50,2,0,0,1,0,1,0,0,0,0,0,0,2,9,0,0,2,0,0,0,0,0,0,0,0,0,0,0,0,0,21,0,2,0,0,0,0,11,0,0,0,5,0,0,0,0,14,0,5,2,0,0,0,9,1,3,0,6,0,3,1,4,11,1,0,0,3,14,5,4,1,0,0,3,4,0,0,13,0,167,0,4,9,1,3,0,0,0,0,0,7,40,15,0,2,0,8,0,0,3,11,14,0,5,15,3,52,2,0,16,0,35,9,0,1,0,1,3,10,0,7,2,25,10,42,1,38,0,8,24,23,19,82,13,0,16,4,8,10,24,9,13,5,99,2,21,114,7,6,6
Biochar_B_51,0,2,0,0,1,6,0,0,0,0,0,0,2,8,0,0,0,0,0,0,3,0,1,0,1,0,0,0,0,1,12,0,6,0,0,0,0,12,0,0,0,2,0,1,0,0,22,1,5,6,0,1,0,5,0,4,0,1,0,2,1,15,7,0,3,0,10,11,2,3,10,0,0,3,6,0,0,21,0,145,0,1,13,0,14,0,0,0,0,0,1,44,5,0,2,0,7,0,0,4,13,29,0,14,22,5,38,7,0,8,0,26,7,0,0,7,5,4,5,0,6,1,13,8,49,2,26,0,7,14,49,18,131,13,0,18,5,3,4,15,3,17,4,67,0,15,75,9,12,3
Biochar_B_52,0,0,0,0,0,10,0,0,0,0,6,0,2,14,0,0,0,0,0,0,0,0,0,0,1,0,0,0,0,3,33,0,5,0,0,0,0,7,0,0,0,2,0,0,0,0,15,0,0,8,0,0,1,8,0,4,0,2,0,0,1,0,2,1,0,2,9,35,0,4,15,0,0,0,31,1,0,25,0,231,0,2,12,1,3,0,0,0,0,0,4,43,6,0,5,2,1,0,0,4,0,5,0,7,7,34,41,7,0,19,0,14,19,0,0,3,0,5,5,0,0,0,21,1,51,2,24,0,3,15,32,13,56,12,0,20,1,5,0,23,7,3,3,63,3,29,20,2,20,9
Control_B_29,0,0,0,1,0,1,0,0,0,0,0,0,0,10,0,0,2,0,0,0,0,0,1,0,0,0,0,0,0,0,9,0,3,0,0,0,0,7,0,0,0,0,0,0,0,0,20,0,3,0,0,0,0,3,1,0,0,7,0,2,0,6,9,5,7,0,2,20,3,2,6,0,0,1,3,0,0,20,0,192,1,0,5,0,2,0,0,0,0,0,5,54,8,0,4,0,6,0,0,0,8,9,0,6,19,0,21,0,0,7,0,15,13,1,3,2,1,1,3,0,15,1,14,5,44,0,36,0,15,12,39,14,97,14,0,17,4,15,1,29,12,23,3,59,2,19,125,3,23,1
Biochar_B_53,0,1,0,1,0,3,0,0,0,0,0,0,2,15,0,0,1,0,0,0,2,0,0,0,0,0,0,0,0,0,14,0,6,0,0,0,0,8,0,1,0,2,1,0,0,0,26,0,2,1,0,0,0,6,3,0,0,8,0,2,0,8,8,0,0,0,3,21,2,1,9,0,0,0,8,0,0,14,0,173,1,1,10,0,4,0,0,0,0,0,1,61,3,0,5,1,3,0,0,2,11,22,0,8,11,3,37,3,1,9,0,10,15,0,1,1,0,0,3,0,15,0,23,2,39,4,26,0,14,16,23,14,69,12,0,26,3,7,5,36,6,24,0,69,3,19,141,1,28,3
Biochar_B_54,1,1,0,1,0,4,0,0,0,0,0,0,5,5,0,0,2,0,0,0,5,0,1,0,0,0,0,0,0,1,35,0,2,0,0,0,0,16,0,0,3,0,0,0,1,0,15,0,4,6,0,1,0,2,2,4,0,14,0,1,1,6,1,0,0,0,8,11,0,6,12,0,0,4,0,1,0,35,1,115,1,0,10,0,2,0,0,0,0,0,12,85,0,0,4,0,11,0,0,4,9,2,0,6,19,3,36,0,0,20,0,19,15,1,1,1,1,2,3,0,7,1,43,12,63,3,37,0,14,20,11,3,60,16,0,5,4,6,1,17,13,1,2,80,3,8,69,9,40,8
Biochar_B_55,0,1,0,0,0,1,0,0,0,0,0,0,0,8,0,0,1,0,0,0,0,0,2,0,0,0,0,0,0,2,4,0,3,0,0,0,0,10,0,0,0,0,1,0,0,0,15,0,3,4,0,0,0,3,1,3,0,5,0,0,0,9,12,0,2,0,12,28,1,3,5,0,0,3,7,0,0,16,0,189,1,0,13,0,2,0,0,0,0,0,3,31,5,0,0,2,6,0,0,4,7,32,0,4,12,4,38,1,0,16,0,20,9,0,0,2,2,0,5,0,10,0,14,10,42,2,20,0,11,14,45,9,102,17,0,24,4,5,1,19,6,13,1,77,7,23,76,7,9,7
Biochar_B_56,1,0,0,0,1,7,0,0,0,0,0,0,3,9,0,0,3,0,0,0,0,0,0,0,0,0,0,0,0,6,30,0,6,0,0,0,0,5,0,0,0,3,1,0,0,0,18,0,0,2,0,0,0,8,0,9,0,3,0,0,1,0,0,0,0,0,6,46,0,8,10,0,0,9,20,0,0,19,0,334,0,6,13,0,2,0,0,0,0,0,0,47,8,0,2,0,0,0,0,2,1,6,0,1,4,11,40,7,0,14,0,6,12,4,0,1,0,0,3,0,3,0,33,0,83,0,41,0,8,5,25,12,34,5,0,19,20,4,0,27,5,5,7,103,5,47,12,1,28,3
Control_B_30,1,11,0,0,1,0,0,0,0,0,0,0,2,5,0,0,0,0,0,0,9,0,0,0,0,0,0,0,0,0,2,0,2,0,0,0,0,2,0,0,0,1,4,1,1,0,16,0,2,7,0,0,0,2,0,7,0,17,0,0,8,1,15,1,0,0,7,13,4,1,7,0,0,6,0,2,0,7,0,22,1,0,3,32,3,0,0,2,0,0,2,11,14,0,0,1,15,0,0,27,14,6,0,27,6,4,26,0,2,28,0,19,6,1,0,10,3,0,11,0,19,19,5,8,18,0,11,0,47,8,34,11,175,25,1,14,4,15,0,14,15,19,2,46,28,3,10,8,13,8
Biochar_B_57,1,11,0,2,0,4,0,0,0,0,0,0,0,4,0,0,0,0,0,0,11,0,0,0,1,0,0,0,0,0,2,0,2,0,0,0,0,2,0,0,0,3,7,0,0,0,17,0,1,11,0,2,0,6,1,0,0,6,0,0,2,3,9,1,1,0,6,6,4,0,5,0,0,0,0,0,0,6,1,13,6,0,3,20,0,0,0,0,0,0,7,11,8,0,2,0,16,1,0,28,12,2,0,17,13,8,26,1,0,14,0,8,12,1,0,6,0,3,22,0,21,4,7,19,13,0,8,0,68,5,33,28,208,28,0,10,3,16,1,26,9,12,4,61,12,0,9,0,4,4
Biochar_B_58,1,9,0,1,1,6,0,0,0,0,0,0,1,2,0,3,0,0,5,0,18,0,0,0,0,0,0,0,0,0,5,0,1,0,0,0,0,3,0,0,2,3,8,0,0,0,12,0,2,5,0,6,0,2,1,6,0,6,0,0,7,4,13,1,3,3,7,2,8,0,0,0,0,5,0,0,0,7,0,18,6,2,3,20,4,0,0,4,0,0,2,20,11,0,4,0,14,0,0,26,9,18,0,21,8,7,27,3,0,20,0,14,9,0,0,6,1,4,12,0,13,8,7,18,6,1,27,0,22,15,23,10,106,18,0,15,10,12,3,11,13,21,2,53,31,4,8,4,6,2
Biochar_B_59,0,10,0,0,0,4,0,0,0,0,0,0,0,6,0,0,0,0,2,0,15,0,0,0,0,0,0,0,0,0,0,0,1,0,0,0,0,1,2,0,0,1,2,0,3,0,7,1,2,6,0,7,0,5,0,5,0,9,0,0,10,13,4,2,0,6,1,3,10,0,1,0,0,4,0,1,0,12,3,15,3,9,7,14,2,0,0,0,0,0,4,6,14,0,3,0,14,0,0,21,8,5,0,21,7,8,18,2,0,17,0,16,11,1,0,16,1,9,30,0,13,9,10,12,10,6,15,0,37,7,39,22,143,15,2,17,2,16,15,11,10,13,8,55,7,4,10,6,6,8
Biochar_B_60,3,4,0,2,2,7,0,0,0,0,0,0,1,9,0,0,0,0,0,0,12,0,0,0,0,0,0,0,0,0,1,0,1,0,0,0,0,2,0,0,1,5,3,0,5,0,3,2,4,5,0,1,0,3,1,14,0,13,0,0,4,6,1,0,5,2,3,1,2,5,6,0,0,3,0,1,0,8,1,22,3,1,3,25,1,0,0,4,0,0,1,25,5,0,2,1,10,1,0,36,13,15,0,16,6,0,26,5,1,13,0,30,10,0,9,7,5,3,13,0,12,20,9,3,11,10,19,0,37,8,15,24,81,72,0,15,1,13,0,15,16,11,7,51,30,1,68,6,15,9
Control_B_31,1,8,0,1,0,5,0,0,0,0,0,0,1,3,0,3,0,0,0,0,16,0,0,0,0,0,0,0,0,0,3,0,0,0,0,0,0,5,0,0,0,2,9,2,2,0,5,0,3,9,0,2,0,8,2,5,0,10,0,1,14,2,16,1,3,2,7,2,5,0,5,0,0,3,0,0,0,4,1,21,7,0,3,23,1,0,0,0,0,0,5,14,10,0,5,2,12,0,0,31,11,12,0,16,8,4,28,4,0,26,0,8,6,0,0,8,2,3,20,0,15,6,12,16,8,1,30,0,41,8,23,22,118,15,1,12,5,22,2,19,22,15,2,50,16,7,10,8,12,5
Biochar_B_61,1,5,0,2,1,3,0,0,0,0,0,0,1,3,0,0,0,1,0,0,11,0,0,0,0,1,0,0,0,0,0,0,5,0,0,0,0,3,0,0,1,4,5,0,0,0,14,0,4,13,0,2,0,6,2,5,0,5,0,1,13,5,7,6,0,1,4,4,5,0,3,0,0,4,0,1,0,8,0,14,5,0,6,31,1,0,0,2,0,0,5,13,17,0,1,2,14,0,0,24,12,11,0,24,9,4,16,2,0,14,0,16,5,1,0,7,3,2,21,0,17,7,8,32,12,2,18,0,40,6,43,21,127,16,0,11,3,17,1,21,13,18,8,51,17,3,20,10,5,6
Biochar_B_62,1,14,0,1,1,2,0,0,0,0,0,0,1,8,0,1,0,0,0,0,20,0,0,0,1,1,0,0,0,0,4,0,3,0,0,0,0,2,0,0,1,3,3,0,2,0,5,0,7,15,0,2,0,3,2,6,0,6,0,1,6,3,7,3,2,1,2,1,4,0,5,0,0,3,0,0,0,5,1,17,6,1,5,29,2,0,0,0,0,0,9,9,13,0,2,1,10,0,0,16,15,11,0,25,9,10,21,0,0,18,0,14,9,0,0,12,2,5,19,0,12,7,3,20,8,5,23,0,33,20,31,20,122,16,3,18,2,13,3,8,20,13,5,38,14,12,16,9,2,11
Biochar_B_63,0,6,0,0,0,5,0,0,0,0,0,0,2,9,0,0,0,0,1,0,12,0,0,0,1,1,0,0,0,0,3,0,3,0,0,0,0,2,1,0,2,3,2,0,1,0,13,0,4,6,0,7,0,2,2,3,0,10,0,0,4,6,6,6,0,2,0,4,5,0,3,0,0,2,0,0,0,4,0,27,6,0,3,24,3,0,0,0,0,0,3,18,12,0,2,0,10,0,0,25,18,8,0,21,8,2,15,1,0,15,0,9,6,0,0,10,1,3,29,0,20,3,11,25,18,2,13,0,40,17,25,25,138,22,1,21,9,16,4,7,5,9,4,55,12,20,11,12,12,10
Biochar_B_64,2,1,0,4,1,8,0,0,0,0,0,0,0,8,0,1,0,0,0,0,23,0,0,0,0,0,1,0,0,0,2,0,3,0,0,0,0,4,0,0,3,6,2,0,5,0,5,0,2,1,0,2,0,3,0,18,0,18,0,0,8,6,0,1,2,0,1,5,4,5,21,0,0,3,0,3,0,5,1,15,0,1,3,17,1,0,0,5,0,0,2,19,5,0,9,7,22,0,0,28,10,11,0,16,5,6,25,0,0,13,0,28,8,0,3,6,5,4,10,1,19,12,11,38,14,8,35,0,39,12,8,15,60,45,0,8,7,13,0,14,22,3,4,58,35,5,47,12,11,12
Control_B_32,2,10,0,5,1,5,0,0,0,0,0,0,3,4,0,3,0,1,0,0,13,0,0,0,0,0,0,0,0,0,3,0,0,0,0,0,0,0,0,0,0,0,2,0,2,0,9,0,0,7,0,1,0,4,0,10,0,14,0,0,11,4,14,2,1,2,2,6,8,0,2,0,0,4,0,0,0,6,1,26,7,0,4,26,0,0,0,2,0,0,5,14,18,0,4,5,16,1,0,37,17,16,0,23,9,1,23,4,0,21,0,16,8,0,0,7,3,1,17,0,16,9,9,15,8,3,15,0,49,18,34,20,113,19,2,10,6,12,6,13,14,19,4,71,17,6,29,8,8,5
Biochar_B_65,2,7,0,1,0,3,0,0,0,0,0,0,2,6,0,0,0,1,0,0,13,0,0,0,2,0,1,0,0,0,6,0,3,0,0,0,0,4,0,0,1,0,9,0,1,0,8,0,3,13,0,2,0,4,3,7,0,19,0,0,18,5,7,3,2,0,4,8,2,0,5,0,0,2,0,0,0,18,0,17,7,1,4,31,1,0,0,0,0,0,7,14,4,0,6,4,17,0,0,25,11,14,0,19,14,6,19,1,0,22,0,20,13,0,1,7,2,1,13,0,22,6,9,18,12,2,18,0,37,11,31,18,140,16,1,8,3,19,2,15,18,8,3,58,20,6,7,10,7,2
Biochar_B_66,2,12,0,0,0,5,0,0,0,0,0,0,1,6,0,0,0,0,0,0,13,0,0,0,0,2,0,0,0,0,1,0,1,0,0,0,0,1,1,0,0,2,4,0,0,0,14,0,2,15,0,1,0,2,1,7,0,17,0,0,13,4,6,5,5,2,5,9,3,0,1,0,0,4,0,0,0,13,0,19,7,3,6,21,4,0,0,0,0,0,4,11,11,0,4,0,13,0,0,20,13,6,0,20,9,4,22,2,0,27,0,14,11,0,0,22,2,1,27,0,21,11,1,18,13,2,11,0,53,3,35,23,160,18,3,14,5,16,3,14,10,10,5,51,18,1,8,10,2,4
Biochar_B_67,4,5,0,1,1,2,0,0,0,0,0,0,0,5,0,0,0,0,1,0,14,0,1,0,0,3,0,0,0,0,3,0,4,0,0,0,0,0,3,0,0,0,4,0,0,0,8,0,5,6,0,4,0,6,0,6,0,10,0,0,8,8,5,3,0,0,6,1,1,1,4,0,0,4,0,0,0,8,0,8,6,2,4,19,2,0,0,2,0,0,4,6,13,0,4,1,13,0,0,8,14,7,0,26,10,13,25,1,3,9,0,9,17,0,0,13,4,9,27,0,9,5,11,18,17,2,13,0,32,10,43,21,137,18,0,18,2,11,0,5,19,6,7,73,9,5,6,6,11,9
Biochar_B_68,3,1,0,1,0,4,0,0,0,0,0,0,0,4,0,1,0,0,0,0,14,0,1,0,1,0,1,0,0,0,4,0,1,0,0,0,0,3,0,0,0,3,7,0,3,0,5,1,0,4,0,0,0,10,0,5,0,15,0,0,5,2,4,0,2,4,4,12,8,1,9,0,0,1,0,2,0,9,0,10,3,2,1,25,1,0,0,7,0,0,2,14,7,0,8,5,19,0,0,23,3,14,0,16,2,0,21,0,0,13,0,20,14,0,5,5,4,7,12,0,9,15,9,6,5,7,24,0,43,8,6,15,70,63,1,13,10,12,0,16,23,3,11,53,49,1,67,15,12,6
